[
{
  "model": "admin.logentry",
  "pk": 1,
  "fields": {
    "action_time": "2024-11-12T12:35:39.596Z",
    "user": 1,
    "content_type": 7,
    "object_id": "1",
    "object_repr": "Terror",
    "action_flag": 1,
    "change_message": "[{\"added\": {}}]"
  }
},
{
  "model": "admin.logentry",
  "pk": 2,
  "fields": {
    "action_time": "2024-11-12T12:35:42.875Z",
    "user": 1,
    "content_type": 7,
    "object_id": "2",
    "object_repr": "Ação",
    "action_flag": 1,
    "change_message": "[{\"added\": {}}]"
  }
},
{
  "model": "admin.logentry",
  "pk": 3,
  "fields": {
    "action_time": "2024-11-12T12:35:46.355Z",
    "user": 1,
    "content_type": 7,
    "object_id": "3",
    "object_repr": "Drama",
    "action_flag": 1,
    "change_message": "[{\"added\": {}}]"
  }
},
{
  "model": "admin.logentry",
  "pk": 4,
  "fields": {
    "action_time": "2024-11-12T12:35:49.235Z",
    "user": 1,
    "content_type": 7,
    "object_id": "4",
    "object_repr": "Comédia",
    "action_flag": 1,
    "change_message": "[{\"added\": {}}]"
  }
},
{
  "model": "admin.logentry",
  "pk": 5,
  "fields": {
    "action_time": "2024-11-30T11:51:25.981Z",
    "user": 1,
    "content_type": 4,
    "object_id": "2",
    "object_repr": "andrew",
    "action_flag": 1,
    "change_message": "[{\"added\": {}}]"
  }
},
{
  "model": "admin.logentry",
  "pk": 6,
  "fields": {
    "action_time": "2024-11-30T11:53:20.940Z",
    "user": 1,
    "content_type": 4,
    "object_id": "2",
    "object_repr": "andrew",
    "action_flag": 2,
    "change_message": "[{\"changed\": {\"fields\": [\"User permissions\"]}}]"
  }
},
{
  "model": "admin.logentry",
  "pk": 7,
  "fields": {
    "action_time": "2024-12-02T10:45:04.089Z",
    "user": 1,
    "content_type": 4,
    "object_id": "2",
    "object_repr": "andrew",
    "action_flag": 2,
    "change_message": "[{\"changed\": {\"fields\": [\"User permissions\"]}}]"
  }
},
{
  "model": "admin.logentry",
  "pk": 8,
  "fields": {
    "action_time": "2024-12-02T10:46:48.501Z",
    "user": 1,
    "content_type": 4,
    "object_id": "2",
    "object_repr": "andrew",
    "action_flag": 2,
    "change_message": "[{\"changed\": {\"fields\": [\"User permissions\"]}}]"
  }
},
{
  "model": "admin.logentry",
  "pk": 9,
  "fields": {
    "action_time": "2024-12-02T10:53:22.785Z",
    "user": 1,
    "content_type": 4,
    "object_id": "2",
    "object_repr": "andrew",
    "action_flag": 2,
    "change_message": "[{\"changed\": {\"fields\": [\"User permissions\"]}}]"
  }
},
{
  "model": "admin.logentry",
  "pk": 10,
  "fields": {
    "action_time": "2024-12-03T13:57:57.790Z",
    "user": 1,
    "content_type": 4,
    "object_id": "2",
    "object_repr": "andrew",
    "action_flag": 2,
    "change_message": "[{\"changed\": {\"fields\": [\"User permissions\"]}}]"
  }
},
{
  "model": "auth.permission",
  "pk": 1,
  "fields": {
    "name": "Can add log entry",
    "content_type": 1,
    "codename": "add_logentry"
  }
},
{
  "model": "auth.permission",
  "pk": 2,
  "fields": {
    "name": "Can change log entry",
    "content_type": 1,
    "codename": "change_logentry"
  }
},
{
  "model": "auth.permission",
  "pk": 3,
  "fields": {
    "name": "Can delete log entry",
    "content_type": 1,
    "codename": "delete_logentry"
  }
},
{
  "model": "auth.permission",
  "pk": 4,
  "fields": {
    "name": "Can view log entry",
    "content_type": 1,
    "codename": "view_logentry"
  }
},
{
  "model": "auth.permission",
  "pk": 5,
  "fields": {
    "name": "Can add permission",
    "content_type": 2,
    "codename": "add_permission"
  }
},
{
  "model": "auth.permission",
  "pk": 6,
  "fields": {
    "name": "Can change permission",
    "content_type": 2,
    "codename": "change_permission"
  }
},
{
  "model": "auth.permission",
  "pk": 7,
  "fields": {
    "name": "Can delete permission",
    "content_type": 2,
    "codename": "delete_permission"
  }
},
{
  "model": "auth.permission",
  "pk": 8,
  "fields": {
    "name": "Can view permission",
    "content_type": 2,
    "codename": "view_permission"
  }
},
{
  "model": "auth.permission",
  "pk": 9,
  "fields": {
    "name": "Can add group",
    "content_type": 3,
    "codename": "add_group"
  }
},
{
  "model": "auth.permission",
  "pk": 10,
  "fields": {
    "name": "Can change group",
    "content_type": 3,
    "codename": "change_group"
  }
},
{
  "model": "auth.permission",
  "pk": 11,
  "fields": {
    "name": "Can delete group",
    "content_type": 3,
    "codename": "delete_group"
  }
},
{
  "model": "auth.permission",
  "pk": 12,
  "fields": {
    "name": "Can view group",
    "content_type": 3,
    "codename": "view_group"
  }
},
{
  "model": "auth.permission",
  "pk": 13,
  "fields": {
    "name": "Can add user",
    "content_type": 4,
    "codename": "add_user"
  }
},
{
  "model": "auth.permission",
  "pk": 14,
  "fields": {
    "name": "Can change user",
    "content_type": 4,
    "codename": "change_user"
  }
},
{
  "model": "auth.permission",
  "pk": 15,
  "fields": {
    "name": "Can delete user",
    "content_type": 4,
    "codename": "delete_user"
  }
},
{
  "model": "auth.permission",
  "pk": 16,
  "fields": {
    "name": "Can view user",
    "content_type": 4,
    "codename": "view_user"
  }
},
{
  "model": "auth.permission",
  "pk": 17,
  "fields": {
    "name": "Can add content type",
    "content_type": 5,
    "codename": "add_contenttype"
  }
},
{
  "model": "auth.permission",
  "pk": 18,
  "fields": {
    "name": "Can change content type",
    "content_type": 5,
    "codename": "change_contenttype"
  }
},
{
  "model": "auth.permission",
  "pk": 19,
  "fields": {
    "name": "Can delete content type",
    "content_type": 5,
    "codename": "delete_contenttype"
  }
},
{
  "model": "auth.permission",
  "pk": 20,
  "fields": {
    "name": "Can view content type",
    "content_type": 5,
    "codename": "view_contenttype"
  }
},
{
  "model": "auth.permission",
  "pk": 21,
  "fields": {
    "name": "Can add session",
    "content_type": 6,
    "codename": "add_session"
  }
},
{
  "model": "auth.permission",
  "pk": 22,
  "fields": {
    "name": "Can change session",
    "content_type": 6,
    "codename": "change_session"
  }
},
{
  "model": "auth.permission",
  "pk": 23,
  "fields": {
    "name": "Can delete session",
    "content_type": 6,
    "codename": "delete_session"
  }
},
{
  "model": "auth.permission",
  "pk": 24,
  "fields": {
    "name": "Can view session",
    "content_type": 6,
    "codename": "view_session"
  }
},
{
  "model": "auth.permission",
  "pk": 25,
  "fields": {
    "name": "Can add genre",
    "content_type": 7,
    "codename": "add_genre"
  }
},
{
  "model": "auth.permission",
  "pk": 26,
  "fields": {
    "name": "Can change genre",
    "content_type": 7,
    "codename": "change_genre"
  }
},
{
  "model": "auth.permission",
  "pk": 27,
  "fields": {
    "name": "Can delete genre",
    "content_type": 7,
    "codename": "delete_genre"
  }
},
{
  "model": "auth.permission",
  "pk": 28,
  "fields": {
    "name": "Can view genre",
    "content_type": 7,
    "codename": "view_genre"
  }
},
{
  "model": "auth.permission",
  "pk": 29,
  "fields": {
    "name": "Can add actor",
    "content_type": 8,
    "codename": "add_actor"
  }
},
{
  "model": "auth.permission",
  "pk": 30,
  "fields": {
    "name": "Can change actor",
    "content_type": 8,
    "codename": "change_actor"
  }
},
{
  "model": "auth.permission",
  "pk": 31,
  "fields": {
    "name": "Can delete actor",
    "content_type": 8,
    "codename": "delete_actor"
  }
},
{
  "model": "auth.permission",
  "pk": 32,
  "fields": {
    "name": "Can view actor",
    "content_type": 8,
    "codename": "view_actor"
  }
},
{
  "model": "auth.permission",
  "pk": 33,
  "fields": {
    "name": "Can add movie",
    "content_type": 9,
    "codename": "add_movie"
  }
},
{
  "model": "auth.permission",
  "pk": 34,
  "fields": {
    "name": "Can change movie",
    "content_type": 9,
    "codename": "change_movie"
  }
},
{
  "model": "auth.permission",
  "pk": 35,
  "fields": {
    "name": "Can delete movie",
    "content_type": 9,
    "codename": "delete_movie"
  }
},
{
  "model": "auth.permission",
  "pk": 36,
  "fields": {
    "name": "Can view movie",
    "content_type": 9,
    "codename": "view_movie"
  }
},
{
  "model": "auth.permission",
  "pk": 37,
  "fields": {
    "name": "Can add review",
    "content_type": 10,
    "codename": "add_review"
  }
},
{
  "model": "auth.permission",
  "pk": 38,
  "fields": {
    "name": "Can change review",
    "content_type": 10,
    "codename": "change_review"
  }
},
{
  "model": "auth.permission",
  "pk": 39,
  "fields": {
    "name": "Can delete review",
    "content_type": 10,
    "codename": "delete_review"
  }
},
{
  "model": "auth.permission",
  "pk": 40,
  "fields": {
    "name": "Can view review",
    "content_type": 10,
    "codename": "view_review"
  }
},
{
  "model": "auth.user",
  "pk": 1,
  "fields": {
    "password": "pbkdf2_sha256$870000$GChOTf5zezfMTgI4n54y13$CLtFCY9q5zRuLibfKj7o/KgsasV9B6vqGJfmCpvo4b4=",
    "last_login": "2024-12-09T20:06:56.243Z",
    "is_superuser": true,
    "username": "a",
    "first_name": "",
    "last_name": "",
    "email": "",
    "is_staff": true,
    "is_active": true,
    "date_joined": "2024-11-11T17:00:58.527Z",
    "groups": [],
    "user_permissions": []
  }
},
{
  "model": "auth.user",
  "pk": 2,
  "fields": {
    "password": "pbkdf2_sha256$870000$XgYUsTMi3PxGlOAThsEzZX$51hJ5iXLs1qGZE0dltvt1fwfuMwY5abHY+SvltVWDHQ=",
    "last_login": null,
    "is_superuser": false,
    "username": "andrew",
    "first_name": "",
    "last_name": "",
    "email": "",
    "is_staff": false,
    "is_active": true,
    "date_joined": "2024-11-30T11:51:25Z",
    "groups": [],
    "user_permissions": [
      25,
      26,
      27,
      28,
      36
    ]
  }
},
{
  "model": "contenttypes.contenttype",
  "pk": 1,
  "fields": {
    "app_label": "admin",
    "model": "logentry"
  }
},
{
  "model": "contenttypes.contenttype",
  "pk": 2,
  "fields": {
    "app_label": "auth",
    "model": "permission"
  }
},
{
  "model": "contenttypes.contenttype",
  "pk": 3,
  "fields": {
    "app_label": "auth",
    "model": "group"
  }
},
{
  "model": "contenttypes.contenttype",
  "pk": 4,
  "fields": {
    "app_label": "auth",
    "model": "user"
  }
},
{
  "model": "contenttypes.contenttype",
  "pk": 5,
  "fields": {
    "app_label": "contenttypes",
    "model": "contenttype"
  }
},
{
  "model": "contenttypes.contenttype",
  "pk": 6,
  "fields": {
    "app_label": "sessions",
    "model": "session"
  }
},
{
  "model": "contenttypes.contenttype",
  "pk": 7,
  "fields": {
    "app_label": "genres",
    "model": "genre"
  }
},
{
  "model": "contenttypes.contenttype",
  "pk": 8,
  "fields": {
    "app_label": "actors",
    "model": "actor"
  }
},
{
  "model": "contenttypes.contenttype",
  "pk": 9,
  "fields": {
    "app_label": "movies",
    "model": "movie"
  }
},
{
  "model": "contenttypes.contenttype",
  "pk": 10,
  "fields": {
    "app_label": "reviews",
    "model": "review"
  }
},
{
  "model": "sessions.session",
  "pk": "0umuxmth9p1o6xd6yeaiihuesk5wnprz",
  "fields": {
    "session_data": ".eJxVjDsOwjAQBe_iGllefxNKes5grXcNDiBbipMKcXcSKQW0b2beW0RclxLXnuc4sTgLEKffLSE9c90BP7Dem6RWl3lKclfkQbu8Ns6vy-H-HRTsZaszm-T8yAGtTjZ4pZxGosQ0qgBoGejmLA_OeAwZjA8hadhMBA2D1-LzBeY4N14:1tAXu4:Vo7aeYSCdQUg3LKRvtqZIOj2QX4ilVc0AQrDwkxbCfc",
    "expire_date": "2024-11-25T17:08:40.159Z"
  }
},
{
  "model": "sessions.session",
  "pk": "bhu2izmehnmtkgu66efiyh8q4e1vez6i",
  "fields": {
    "session_data": ".eJxVjDsOwjAQBe_iGllefxNKes5grXcNDiBbipMKcXcSKQW0b2beW0RclxLXnuc4sTgLEKffLSE9c90BP7Dem6RWl3lKclfkQbu8Ns6vy-H-HRTsZaszm-T8yAGtTjZ4pZxGosQ0qgBoGejmLA_OeAwZjA8hadhMBA2D1-LzBeY4N14:1tI3v0:0U7Uf9fgDq2JlFOlsWOexT9C4Hzig-dLPb6ycNOcar8",
    "expire_date": "2024-12-16T10:44:42.408Z"
  }
},
{
  "model": "sessions.session",
  "pk": "g2ck56mez7glm6kt5ghiem4a4ygq6iw2",
  "fields": {
    "session_data": ".eJxVjDsOwjAQBe_iGllefxNKes5grXcNDiBbipMKcXcSKQW0b2beW0RclxLXnuc4sTgLEKffLSE9c90BP7Dem6RWl3lKclfkQbu8Ns6vy-H-HRTsZaszm-T8yAGtTjZ4pZxGosQ0qgBoGejmLA_OeAwZjA8hadhMBA2D1-LzBeY4N14:1tKk1w:v_t_xqIb3WgV7qSY0sQzN4PDzB4QC88gPvAIZZvQJzM",
    "expire_date": "2024-12-23T20:06:56.264Z"
  }
},
{
  "model": "sessions.session",
  "pk": "mo0np6nexf65afqskh1s871841ve311c",
  "fields": {
    "session_data": ".eJxVjDsOwjAQBe_iGllefxNKes5grXcNDiBbipMKcXcSKQW0b2beW0RclxLXnuc4sTgLEKffLSE9c90BP7Dem6RWl3lKclfkQbu8Ns6vy-H-HRTsZaszm-T8yAGtTjZ4pZxGosQ0qgBoGejmLA_OeAwZjA8hadhMBA2D1-LzBeY4N14:1tAq7H:u3YBY1XOznb-vXIWfKvuMPEeXP2i48xodpuBM9YHUXo",
    "expire_date": "2024-11-26T12:35:31.990Z"
  }
},
{
  "model": "genres.genre",
  "pk": 1,
  "fields": {
    "name": "Terror"
  }
},
{
  "model": "genres.genre",
  "pk": 3,
  "fields": {
    "name": "Drama"
  }
},
{
  "model": "genres.genre",
  "pk": 4,
  "fields": {
    "name": "Comédia"
  }
},
{
  "model": "genres.genre",
  "pk": 5,
  "fields": {
    "name": "Aventura"
  }
},
{
  "model": "genres.genre",
  "pk": 6,
  "fields": {
    "name": "Ação"
  }
},
{
  "model": "genres.genre",
  "pk": 7,
  "fields": {
    "name": "Documentário"
  }
},
{
  "model": "genres.genre",
  "pk": 8,
  "fields": {
    "name": "Sci-Fi"
  }
},
{
  "model": "genres.genre",
  "pk": 10,
  "fields": {
    "name": "Teste"
  }
},
{
  "model": "actors.actor",
  "pk": 1,
  "fields": {
    "name": "John",
    "birthday": "2024-11-19",
    "nationality": "USA"
  }
},
{
  "model": "actors.actor",
  "pk": 2,
  "fields": {
    "name": "Jeff",
    "birthday": "2024-11-19",
    "nationality": "USA"
  }
},
{
  "model": "actors.actor",
  "pk": 4,
  "fields": {
    "name": "Alejandro",
    "birthday": "2024-11-19",
    "nationality": "PY"
  }
},
{
  "model": "actors.actor",
  "pk": 5,
  "fields": {
    "name": "César",
    "birthday": "2024-11-19",
    "nationality": "BR"
  }
},
{
  "model": "actors.actor",
  "pk": 7,
  "fields": {
    "name": "Rodrigo Santoro",
    "birthday": "1975-08-22",
    "nationality": "BR"
  }
},
{
  "model": "actors.actor",
  "pk": 8,
  "fields": {
    "name": "Rodrigo Santoro",
    "birthday": "1975-08-22",
    "nationality": "BR"
  }
},
{
  "model": "actors.actor",
  "pk": 9,
  "fields": {
    "name": "Tom Hanks",
    "birthday": "1956-07-09",
    "nationality": "USA"
  }
},
{
  "model": "actors.actor",
  "pk": 10,
  "fields": {
    "name": "Julia Roberts",
    "birthday": "1967-10-28",
    "nationality": "USA"
  }
},
{
  "model": "actors.actor",
  "pk": 11,
  "fields": {
    "name": "Wagner Moura",
    "birthday": "1976-06-27",
    "nationality": "BR"
  }
},
{
  "model": "actors.actor",
  "pk": 12,
  "fields": {
    "name": "Sandra Bullock",
    "birthday": "1964-07-26",
    "nationality": "USA"
  }
},
{
  "model": "actors.actor",
  "pk": 13,
  "fields": {
    "name": "Gisele Bündchen",
    "birthday": "1980-07-20",
    "nationality": "BR"
  }
},
{
  "model": "actors.actor",
  "pk": 14,
  "fields": {
    "name": "Denzel Washington",
    "birthday": "1954-12-28",
    "nationality": "USA"
  }
},
{
  "model": "actors.actor",
  "pk": 15,
  "fields": {
    "name": "Camila Mendes",
    "birthday": "1994-06-29",
    "nationality": "BR"
  }
},
{
  "model": "actors.actor",
  "pk": 16,
  "fields": {
    "name": "Brad Pitt",
    "birthday": "1963-12-18",
    "nationality": "USA"
  }
},
{
  "model": "actors.actor",
  "pk": 17,
  "fields": {
    "name": "Fernanda Montenegro",
    "birthday": "1929-10-16",
    "nationality": "BR"
  }
},
{
  "model": "actors.actor",
  "pk": 18,
  "fields": {
    "name": "Leonardo DiCaprio",
    "birthday": "1974-11-11",
    "nationality": "USA"
  }
},
{
  "model": "actors.actor",
  "pk": 19,
  "fields": {
    "name": "Chris Evans",
    "birthday": "1981-06-13",
    "nationality": "USA"
  }
},
{
  "model": "actors.actor",
  "pk": 20,
  "fields": {
    "name": "Gloria Pires",
    "birthday": "1963-08-23",
    "nationality": "BR"
  }
},
{
  "model": "actors.actor",
  "pk": 21,
  "fields": {
    "name": "Meryl Streep",
    "birthday": "1949-06-22",
    "nationality": "USA"
  }
},
{
  "model": "actors.actor",
  "pk": 22,
  "fields": {
    "name": "Wagner Moura",
    "birthday": "1976-06-27",
    "nationality": "BR"
  }
},
{
  "model": "actors.actor",
  "pk": 23,
  "fields": {
    "name": "Robert Downey Jr.",
    "birthday": "1965-04-04",
    "nationality": "USA"
  }
},
{
  "model": "actors.actor",
  "pk": 24,
  "fields": {
    "name": "Taís Araújo",
    "birthday": "1978-11-25",
    "nationality": "BR"
  }
},
{
  "model": "actors.actor",
  "pk": 25,
  "fields": {
    "name": "Matt Damon",
    "birthday": "1970-10-08",
    "nationality": "USA"
  }
},
{
  "model": "actors.actor",
  "pk": 26,
  "fields": {
    "name": "Cauã Reymond",
    "birthday": "1980-05-20",
    "nationality": "BR"
  }
},
{
  "model": "actors.actor",
  "pk": 27,
  "fields": {
    "name": "Angelina Jolie",
    "birthday": "1975-06-04",
    "nationality": "USA"
  }
},
{
  "model": "actors.actor",
  "pk": 28,
  "fields": {
    "name": "Rodrigo Santoro",
    "birthday": "1975-08-22",
    "nationality": "BR"
  }
},
{
  "model": "movies.movie",
  "pk": 1,
  "fields": {
    "title": "Titanic",
    "genre": 3,
    "release_date": "2002-02-22",
    "summary": "drowned",
    "duration": "2h35min",
    "actors": [
      1,
      2,
      5
    ]
  }
},
{
  "model": "movies.movie",
  "pk": 2,
  "fields": {
    "title": "Cars",
    "genre": 5,
    "release_date": "2022-02-22",
    "summary": "cars movie",
    "duration": "1h58m",
    "actors": [
      1,
      4
    ]
  }
},
{
  "model": "movies.movie",
  "pk": 3,
  "fields": {
    "title": "Esqueceram de mim",
    "genre": 4,
    "release_date": "2002-02-22",
    "summary": "esqueceram de mim",
    "duration": "2h03min",
    "actors": [
      1,
      5
    ]
  }
},
{
  "model": "movies.movie",
  "pk": 4,
  "fields": {
    "title": "Esqueceram de mim",
    "genre": 4,
    "release_date": "2002-02-22",
    "summary": null,
    "duration": "2h03min",
    "actors": [
      1,
      5
    ]
  }
},
{
  "model": "reviews.review",
  "pk": 1,
  "fields": {
    "movie": 1,
    "stars": 4,
    "comment": "Great movie!"
  }
},
{
  "model": "reviews.review",
  "pk": 2,
  "fields": {
    "movie": 1,
    "stars": 4,
    "comment": "Bom"
  }
},
{
  "model": "reviews.review",
  "pk": 3,
  "fields": {
    "movie": 1,
    "stars": 3,
    "comment": "Mais ou menos"
  }
},
{
  "model": "reviews.review",
  "pk": 4,
  "fields": {
    "movie": 1,
    "stars": 2,
    "comment": "Ruim"
  }
},
{
  "model": "reviews.review",
  "pk": 5,
  "fields": {
    "movie": 1,
    "stars": 1,
    "comment": "Muito ruim"
  }
},
{
  "model": "reviews.review",
  "pk": 6,
  "fields": {
    "movie": 1,
    "stars": 5,
    "comment": ""
  }
},
{
  "model": "reviews.review",
  "pk": 7,
  "fields": {
    "movie": 1,
    "stars": 1,
    "comment": ""
  }
},
{
  "model": "reviews.review",
  "pk": 8,
  "fields": {
    "movie": 2,
    "stars": 4,
    "comment": "Great!"
  }
},
{
  "model": "reviews.review",
  "pk": 9,
  "fields": {
    "movie": 2,
    "stars": 5,
    "comment": "Amazing!!"
  }
},
{
  "model": "reviews.review",
  "pk": 10,
  "fields": {
    "movie": 2,
    "stars": 3,
    "comment": "Could be better"
  }
},
{
  "model": "reviews.review",
  "pk": 11,
  "fields": {
    "movie": 2,
    "stars": 2,
    "comment": "Not so interesting"
  }
},
{
  "model": "reviews.review",
  "pk": 12,
  "fields": {
    "movie": 2,
    "stars": 1,
    "comment": "Bad"
  }
},
{
  "model": "reviews.review",
  "pk": 13,
  "fields": {
    "movie": 2,
    "stars": 0,
    "comment": "Very bad"
  }
}
]
